<?xml version="1.0" encoding="UTF-8"?>
<project-private xmlns="http://www.netbeans.org/ns/project-private/1">
    <editor-bookmarks xmlns="http://www.netbeans.org/ns/editor-bookmarks/2" lastBookmarkId="0"/>
    <open-files xmlns="http://www.netbeans.org/ns/projectui-open-files/2">
        <group>
            <file>file:/E:/DaiNamUniversity/tuan9/src/tuan9/RemoteInterface.java</file>
            <file>file:/E:/DaiNamUniversity/tuan9/src/tuan9/RemoteInterfaceImp.java</file>
            <file>file:/E:/DaiNamUniversity/tuan9/src/tuan9/RMIClient.java</file>
            <file>file:/E:/DaiNamUniversity/tuan9/src/tuan9/RMIServer.java</file>
        </group>
    </open-files>
</project-private>
